{
  "textures": {
    "texture": "immersivepetroleum:multiblock/cokerunit"
  },
  "loader": "forge:obj",
  "model": "immersivepetroleum:models/multiblock/obj/cokerunit.obj",
  "flip-v": true,
  "transform": {
    "thirdperson_righthand": {
      "translation": [
        0.0,
        0.15625,
        0.0
      ],
      "rotation": [
        0.5624222,
        0.3036032,
        0.23296294,
        0.7329629
      ],
      "scale": [
        0.03125,
        0.03125,
        0.03125
      ],
      "post-rotation": [
        0.0,
        0.0,
        0.0,
        0.99830717
      ],
      "origin": "corner"
    },
    "thirdperson_lefthand": {
      "translation": [
        0.0,
        0.15625,
        0.0
      ],
      "rotation": [
        -0.23296294,
        0.7329629,
        0.5624222,
        -0.3036032
      ],
      "scale": [
        0.03125,
        0.03125,
        0.03125
      ],
      "post-rotation": [
        0.0,
        0.0,
        0.0,
        0.99830717
      ],
      "origin": "corner"
    },
    "firstperson_righthand": {
      "translation": [
        0.0,
        0.0,
        0.0
      ],
      "rotation": [
        0.0,
        0.38268343,
        0.0,
        0.9238795
      ],
      "scale": [
        0.03125,
        0.03125,
        0.03125
      ],
      "post-rotation": [
        0.0,
        0.0,
        0.0,
        0.99830717
      ],
      "origin": "corner"
    },
    "firstperson_lefthand": {
      "translation": [
        0.0,
        0.0,
        0.0
      ],
      "rotation": [
        0.0,
        0.9238795,
        0.0,
        -0.38268343
      ],
      "scale": [
        0.03125,
        0.03125,
        0.03125
      ],
      "post-rotation": [
        0.0,
        0.0,
        0.0,
        0.99830717
      ],
      "origin": "corner"
    },
    "head": {
      "translation": [
        0.0,
        0.5,
        0.0
      ],
      "rotation": [
        0.0,
        0.0,
        0.0,
        1.0
      ],
      "scale": [
        0.125,
        0.125,
        0.125
      ],
      "post-rotation": [
        0.0,
        0.0,
        0.0,
        0.99830717
      ],
      "origin": "corner"
    },
    "gui": {
      "translation": [
        0.0,
        -0.25,
        0.0
      ],
      "rotation": [
        -0.099045776,
        0.8923991,
        0.23911756,
        -0.36964378
      ],
      "scale": [
        0.0625,
        0.0625,
        0.0625
      ],
      "post-rotation": [
        0.0,
        0.0,
        0.0,
        0.99830717
      ],
      "origin": "corner"
    },
    "ground": {
      "translation": [
        0.0,
        0.0,
        0.0
      ],
      "rotation": [
        0.0,
        0.0,
        0.0,
        1.0
      ],
      "scale": [
        0.03125,
        0.03125,
        0.03125
      ],
      "post-rotation": [
        0.0,
        0.0,
        0.0,
        0.99830717
      ],
      "origin": "corner"
    },
    "fixed": {
      "translation": [
        0.0,
        -0.5,
        0.0
      ],
      "rotation": [
        0.0,
        0.0,
        0.0,
        1.0
      ],
      "scale": [
        0.0625,
        0.0625,
        0.0625
      ],
      "post-rotation": [
        0.0,
        0.0,
        0.0,
        0.99830717
      ],
      "origin": "corner"
    }
  }
}